repo,average_completion_time,total_completion_time
mem0ai/mem0,28.02202777777778,840.6608333333334
cpacker/MemGPT,16.835287037037038,505.05861111111113
trypear/pearai-master,18.605833333333333,18.605833333333333
milvus-io/milvus,41.46102777777778,1243.8308333333334
qdrant/qdrant,31.036953703703706,931.1086111111111
langchain-ai/langchain,28.477657407407406,854.3297222222222
run-llama/llama_index,8.933388888888889,268.00166666666667
